{"episodes": 11, "execution_times": [9122.8, 8961.83, 7656.51, 7656.51, 7691.92, 7433.37, 7728.73, 7728.73, 7505.07, 7505.07], "memory_usages": [257, 256, 256, 256, 257, 256, 256, 256, 256, 256], "costs": [0.038019269, 0.037348426525000006, 0.031908505425000004, 0.031908505425000004, 0.032056076600000004, 0.030978569475000002, 0.032209482275, 0.032209482275, 0.031277379225, 0.031277379225], "rewards": [-0.2889958315, -0.28734842652500003, -0.281908505425, -0.281908505425, -0.2830326391, -0.280978569475, -0.282209482275, -0.282209482275, -0.281277379225, -0.281277379225], "memory_configurations": [256, 256, 256, 256, 256, 256, 256, 256, 256, 256], "timeout_configurations": [10, 15, 15, 15, 15, 15, 15, 15, 15, 15]}
{"episodes": 12, "execution_times": [6235.22, 5802.19, 5891.44, 5891.44, 3698.24, 3698.24, 3627.45, 3458.65, 3458.65, 5513.12], "memory_usages": [246, 246, 246, 246, 252, 252, 252, 253, 253, 246], "costs": [0.025985279350000005, 0.025691916001562502, 0.0260871122125, 0.0260871122125, 0.01637569115, 0.01637569115, 0.0160622352421875, 0.015314794117187502, 0.015314794117187502, 0.02584791855], "rewards": [-0.26621965435, -0.2659262910015625, -0.2663214872125, -0.2663214872125, -0.26246944115, -0.26246944115, -0.26215598524218753, -0.2623851066171875, -0.2623851066171875, -0.26608229355], "memory_configurations": [256, 272, 272, 272, 272, 272, 272, 272, 272, 288], "timeout_configurations": [10, 10, 15, 15, 15, 15, 15, 15, 15, 15]}
{"episodes": 11, "execution_times": [5037.16, 7564.98, 6773.71, 6773.71, 5356.93, 5094.41, 7246.5, 6681.44, 5370.36, 5370.36], "memory_usages": [141, 163, 163, 163, 164, 164, 163, 163, 164, 164], "costs": [0.01968034153125, 0.029556613265625, 0.026465096648437502, 0.026465096648437502, 0.020929692914062506, 0.0199040190703125, 0.028312301953125, 0.026104594875, 0.020982164343750002, 0.020982164343750002], "rewards": [-0.15737565403125, -0.188736300765625, -0.1856447841484375, -0.1856447841484375, -0.1810859429140625, -0.1800602690703125, -0.187491989453125, -0.185284282375, -0.18113841434375, -0.18113841434375], "memory_configurations": [240, 240, 240, 240, 240, 240, 240, 240, 240, 240], "timeout_configurations": [5, 10, 15, 15, 15, 15, 10, 15, 15, 15]}
{"episodes": 12, "execution_times": [5124.82, 5195.81, 5195.81, 5195.81, 3704.69, 3570.95, 4904.54, 4904.54, 3500.07, 3500.07], "memory_usages": [144, 144, 144, 144, 146, 146, 144, 144, 146, 146], "costs": [0.02135768735, 0.021653538175000004, 0.021653538175000004, 0.021653538175000004, 0.015439295575000001, 0.014881934125000001, 0.021717149853125, 0.021717149853125, 0.015498200582812502, 0.015498200582812502], "rewards": [-0.16198268735, -0.16227853817500001, -0.16227853817500001, -0.16227853817500001, -0.158017420575, -0.157460059125, -0.162342149853125, -0.162342149853125, -0.1580763255828125, -0.1580763255828125], "memory_configurations": [256, 256, 256, 256, 256, 256, 272, 272, 272, 272], "timeout_configurations": [10, 15, 15, 15, 15, 15, 15, 15, 15, 15]}
{"episodes": 13, "execution_times": [7184.17, 7259.97, 7259.97, 5784.49, 5425.34, 5507.78, 5476.06, 5476.06, 5410.79, 5270.08], "memory_usages": [172, 172, 172, 173, 174, 174, 175, 175, 175, 175], "costs": [0.029940028475, 0.030255924975000004, 0.030255924975000004, 0.024106862075000002, 0.02261010445, 0.02295367315, 0.022821480050000002, 0.022821480050000002, 0.022549467325000003, 0.021963058400000002], "rewards": [-0.197908778475, -0.19822467497500001, -0.19822467497500001, -0.193052174575, -0.19253197945, -0.19287554815, -0.19371991755, -0.19371991755, -0.19344790482500002, -0.1928614959], "memory_configurations": [256, 256, 256, 256, 256, 256, 256, 256, 256, 256], "timeout_configurations": [10, 15, 15, 15, 15, 15, 15, 15, 15, 15]}
