{"episodes": 19, "execution_times": [3.69, 3.23, 7.69, 3.72, 3.08, 2.67, 2.37, 3.51, 3.28, 3.28], "memory_usages": [34, 34, 34, 34, 33, 33, 33, 34, 33, 33], "costs": [3.0756150000000005e-05, 2.692205e-05, 8.012018750000001e-05, 4.6509300000000005e-05, 4.4925650000000006e-05, 4.4508900000000003e-05, 4.4446387500000004e-05, 7.313962499999999e-05, 7.51817e-05, 7.51817e-05], "rewards": [-3.03323388115, -2.03323004705, -2.0332832451875, -2.0332496343, -2.03227148815, -2.0322710714, -2.0322710088875, -2.033276264625, -2.0323017442, -2.0323017442], "memory_configurations": [512, 512, 640, 768, 896, 1024, 1152, 1280, 1408, 1408], "timeout_configurations": [3, 2, 2, 2, 2, 2, 2, 2, 2, 2]}
{"episodes": 20, "execution_times": [3.69, 2.7, 2.85, 3.96, 3.88, 3.63, 2.53, 3.88, 4.12, 4.51], "memory_usages": [34, 33, 33, 34, 34, 34, 33, 34, 34, 34], "costs": [3.0756150000000005e-05, 1.6878375000000006e-05, 2.375475e-05, 4.125825000000001e-05, 4.850970000000001e-05, 5.2948087500000005e-05, 4.21751e-05, 7.276455000000001e-05, 8.585050000000001e-05, 0.0001033748375], "rewards": [-5.03323388115, -5.032243440875, -5.03225031725, -5.03324438325, -5.0332516347, -5.0332560730875, -5.0322687376, -5.03327588955, -5.0332889755, -5.0333064998375], "memory_configurations": [512, 384, 512, 640, 768, 896, 1024, 1152, 1280, 1408], "timeout_configurations": [5, 5, 5, 5, 5, 5, 5, 5, 5, 5]}
{"episodes": 21, "execution_times": [2.53, 7.65, 3.75, 3.0, 3.98, 3.55, 3.55, 3.55, 3.59, 3.88], "memory_usages": [33, 34, 34, 33, 34, 34, 34, 34, 34, 34], "costs": [1.5815662500000002e-05, 3.1881375e-05, 2.3442187500000003e-05, 1.875375e-05, 3.31733e-05, 3.69865625e-05, 4.4383875e-05, 4.4383875e-05, 5.23646375e-05, 6.467960000000001e-05], "rewards": [-5.0322423781625, -5.033235006375, -5.0332265671875, -10.03224531625, -10.0332362983, -10.0332401115625, -10.033247508875, -10.033247508875, -10.0332554896375, -10.0332678046], "memory_configurations": [384, 256, 384, 384, 512, 640, 768, 768, 896, 1024], "timeout_configurations": [5, 5, 5, 10, 10, 10, 10, 10, 10, 10]}
{"episodes": 22, "execution_times": [3.85, 3.17, 11.57, 12.65, 2.89, 3.64, 3.72, 5.42, 5.23, 3.69], "memory_usages": [34, 34, 34, 34, 34, 34, 34, 34, 34, 34], "costs": [3.208975e-05, 2.6421950000000002e-05, 7.23269625e-05, 5.2718875000000006e-05, 1.80661125e-05, 2.275455e-05, 3.10062e-05, 5.646962500000001e-05, 6.538807500000002e-05, 5.38232625e-05], "rewards": [-5.03323521475, -10.03322954695, -10.0332754519625, -10.033255843875, -10.0332211911125, -15.03322587955, -15.0332341312, -15.033259594625, -15.033268513075, -15.0332569482625], "memory_configurations": [512, 512, 384, 256, 384, 384, 512, 640, 768, 896], "timeout_configurations": [5, 10, 10, 10, 10, 15, 15, 15, 15, 15]}
{"episodes": 23, "execution_times": [2743.77, 2743.77, 2034.11, 2875.81, 2875.81, 3030.67, 2022.17, 1009.01, 1021.22, 1005.82], "memory_usages": [214, 214, 161, 214, 214, 185, 118, 99, 106, 112], "costs": [0.022869322950000003, 0.022869322950000003, 0.01695430685, 0.023969876350000002, 0.023969876350000002, 0.018945475837500003, 0.012641090212500001, 0.0063075737625, 0.008511868700000001, 0.010479387125000001], "rewards": [-3.23185369795, -3.23185369795, -2.17418086935, -3.23295425135, -3.23295425135, -3.1996095383375, -2.1278754652125, -1.1029872612625, -1.1120274937, -1.119854387125], "memory_configurations": [512, 512, 512, 512, 512, 384, 384, 384, 512, 640], "timeout_configurations": [3, 3, 2, 3, 3, 3, 2, 1, 1, 1]}
{"episodes": 24, "execution_times": [3035.24, 2032.23, 1008.62, 1005.23, 1015.06, 1004.87, 2015.71, 2036.14, 1009.63, 1009.63], "memory_usages": [174, 143, 109, 99, 88, 101, 125, 85, 103, 103], "costs": [0.0252987254, 0.01693863705, 0.008406847700000001, 0.006283944037500001, 0.00423026255, 0.0062816935875000006, 0.012600707137500002, 0.012728420175000001, 0.0063114495375000005, 0.0063114495375000005], "rewards": [-3.1952206004, -2.15658707455, -1.1148521602, -1.1029636315375, -1.09016776255, -1.1049145060875, -2.1346710196375, -2.095736232675, -1.1068973870375, -1.1068973870375], "memory_configurations": [512, 512, 512, 384, 256, 384, 384, 384, 384, 384], "timeout_configurations": [3, 2, 1, 1, 1, 1, 2, 2, 1, 1]}
{"episodes": 25, "execution_times": [4891.09, 5042.36, 5057.72, 3053.89, 2017.97, 2014.81, 2020.15, 2027.92, 2027.92, 1012.92], "memory_usages": [337, 234, 153, 127, 118, 87, 117, 130, 130, 106], "costs": [0.040767235150000004, 0.031521052949999996, 0.021078048100000003, 0.012727086575000001, 0.008409889975000001, 0.0041983603375, 0.008418975125, 0.012677034900000002, 0.012677034900000002, 0.00633201615], "rewards": [-5.36986879765, -5.26003667795, -5.1704921106, -3.136750524075, -2.123644264975, -2.0891592978375, -2.122676787625, -2.1396301599, -2.1396301599, -1.10984764115], "memory_configurations": [512, 384, 256, 256, 256, 128, 256, 384, 384, 384], "timeout_configurations": [5, 5, 5, 3, 2, 2, 2, 2, 2, 1]}
{"episodes": 26, "execution_times": [3036.85, 2567.14, 3032.41, 3032.41, 3034.95, 3034.95, 2026.15, 2026.15, 2025.31, 2023.44], "memory_usages": [278, 230, 146, 146, 278, 278, 152, 152, 126, 109], "costs": [0.02531214475, 0.0213971119, 0.0189563530125, 0.0189563530125, 0.02529630825, 0.02529630825, 0.016887960250000004, 0.016887960250000004, 0.012660719137500002, 0.008432686200000001], "rewards": [-3.29679651975, -3.2460064869, -3.1615344780125, -3.1615344780125, -3.29678068325, -3.29678068325, -2.16532546025, -2.16532546025, -2.1357075941375, -2.1148779987], "memory_configurations": [512, 512, 384, 384, 512, 512, 512, 512, 384, 256], "timeout_configurations": [3, 3, 3, 3, 3, 3, 2, 2, 2, 2]}
{"episodes": 27, "execution_times": [3414.52, 2414.47, 3137.08, 4567.79, 3056.7, 3088.65, 2314.6, 2278.44, 2236.99, 2236.99], "memory_usages": [196, 196, 196, 196, 196, 196, 196, 196, 197, 197], "costs": [0.021345018150000002, 0.02012460745, 0.01961067135, 0.019036264825000003, 0.019108195874999997, 0.019307923312500003, 0.019292191, 0.018990797400000002, 0.01864531165, 0.01864531165], "rewards": [-5.21275126815, -5.21153085745, -5.21101692135, -5.210442514825, -5.210514445875, -10.2107141733125, -10.210698441, -5.2103970474, -10.21102812415, -10.21102812415], "memory_configurations": [384, 512, 384, 256, 384, 384, 512, 512, 512, 512], "timeout_configurations": [5, 5, 5, 5, 5, 10, 10, 5, 10, 10]}
{"episodes": 28, "execution_times": [2180.59, 1735.29, 1646.69, 1666.19, 1445.63, 1395.86, 1759.8, 2045.21, 2482.84, 2482.84], "memory_usages": [200, 200, 200, 200, 200, 200, 200, 200, 200, 200], "costs": [0.022719022062500004, 0.021695463225000003, 0.0240190320125, 0.0243034638875, 0.024098652100000003, 0.020360362925, 0.0220018995, 0.0213085316875, 0.020694471400000004, 0.020694471400000004], "rewards": [-5.2180315220625, -5.217007963225, -5.2193315320125, -10.2196159638875, -10.2194111521, -10.215672862925, -10.2173143995, -10.2166210316875, -10.2160069714, -10.2160069714], "memory_configurations": [640, 768, 896, 896, 1024, 896, 768, 640, 512, 512], "timeout_configurations": [5, 5, 5, 10, 10, 10, 10, 10, 10, 10]}
{"episodes": 29, "execution_times": [1572.11, 2426.5, 3005.66, 3055.46, 4737.73, 3188.65, 3072.45, 4810.06, 5060.26, 5100.3], "memory_usages": [209, 190, 191, 191, 191, 191, 191, 191, 111, 66], "costs": [0.01310353685, 0.020224877500000002, 0.018789132075, 0.019100444325000004, 0.019744489775, 0.019933048312500003, 0.0192066530625, 0.020045925050000003, 0.010544316775000001, 0.010627750125000002], "rewards": [-10.21720509935, -15.2057717525, -15.205312569575, -10.205623881825, -10.206267927275, -10.2064564858125, -5.2057300905625, -5.20656936255, -5.118942754275, -5.075080875125], "memory_configurations": [512, 512, 384, 384, 256, 384, 384, 256, 128, 128], "timeout_configurations": [10, 15, 15, 10, 10, 10, 5, 5, 5, 5]}
{"episodes": 30, "execution_times": [1867.02, 1292.69, 1096.81, 988.03, 1049.73, 1227.52, 1535.08, 1982.69, 1515.35, 1477.86], "memory_usages": [145, 145, 145, 145, 145, 145, 145, 145, 145, 145],