{"episodes": [0, 1, 2, 3, 4, 5], "execution_times": [295.58, 301.59, 5000.0, 1000.0, 1000.0, 286.45], "memory_usages": [173, 144, 71, 39, 44, 88], "costs": [0.000846882884375, 0.0007069929328125, 0.010418750000000001, 0.00338609375, 0.0041675, 0.0012683916484375], "rewards": [0, 0, 0, 0, 0, 0], "memory_configurations": [176, 144, 128, 208, 256, 272], "timeout_configurations": [10, 10, 5, 1, 1, 1]}