{"episodes": 12, "execution_times": [3023.03, 3672.18, 2981.85, 3001.64, 3078.24, 2570.82, 2174.15, 1930.43, 1801.81, 1585.87], "memory_usages": [121, 176, 176, 176, 176, 176, 176, 176, 176, 176], "costs": [0.025196955050000004, 0.030607620300000003, 0.031067149687500004, 0.03127333675, 0.032071413, 0.032141677050000005, 0.03171269543750001, 0.032180268100000006, 0.0337906942875, 0.033045566125], "rewards": [-3.14336101755, -5.2024826203, -5.2029421496875, -10.20314833675, -15.203946413, -15.20401667705, -15.2035876954375, -15.2040552681, -15.2056656942875, -15.204920566125], "memory_configurations": [512, 512, 640, 640, 640, 768, 896, 1024, 1152, 1280], "timeout_configurations": [3, 5, 5, 10, 15, 15, 15, 15, 15, 15]}
{"episodes": 13, "execution_times": [5034.28, 5034.28, 3009.69, 3047.29, 3042.89, 3023.34, 5033.71, 5055.55, 5026.89, 8318.08], "memory_usages": [188, 188, 149, 131, 97, 127, 154, 116, 155, 192], "costs": [0.031470542850000005, 0.031470542850000005, 0.018814324612500002, 0.012699581075, 0.0063406220375, 0.012599769450000001, 0.020977986425, 0.010534502312500001, 0.020949564075000003, 0.034665598400000004], "rewards": [-5.21506429285, -5.21506429285, -3.1643221371125, -3.140629268575, -3.1010671845375, -3.13662320695, -5.171368611425, -5.1238157523125, -5.172316751575, -10.2221655984], "memory_configurations": [384, 384, 384, 256, 128, 256, 256, 128, 256, 256], "timeout_configurations": [5, 5, 3, 3, 3, 3, 5, 5, 5, 10]}
{"episodes": 14, "execution_times": [2228.09, 1665.99, 1470.0, 1214.31, 1084.11, 996.05, 1099.68, 865.94, 802.14, 617.14], "memory_usages": [129, 129, 129, 129, 129, 129, 129, 129, 129, 130], "costs": [0.018571130150000004, 0.017357533312500003, 0.018378675, 0.017712229237500002, 0.0180721137, 0.0186796726875, 0.022914582000000003, 0.019848427225000003, 0.020057510700000003, 0.015431585700000002], "rewards": [-5.14454769265, -5.1433340958125, -5.1443552375, -5.1436887917375, -5.1440486762, -5.1446562351875, -5.1488911445, -5.145824989725, -5.1460340732, -5.1423847107], "memory_configurations": [512, 640, 768, 896, 1024, 1152, 1280, 1408, 1536, 1536], "timeout_configurations": [5, 5, 5, 5, 5, 5, 5, 5, 5, 5]}
{"episodes": 15, "execution_times": [1703.54, 1708.2, 2203.81, 3567.71, 2242.36, 2242.36, 2219.52, 1724.89, 1332.46, 1106.19], "memory_usages": [121, 121, 121, 121, 121, 121, 121, 121, 121, 121], "costs": [0.0141990059, 0.014237847000000001, 0.013776567262500001, 0.014868431425000002, 0.014017552950000001, 0.014017552950000001, 0.0138747744, 0.014376958150000002, 0.013882567625000002, 0.013830140475000002], "rewards": [-5.1323630684, -10.1324019095, -10.1319406297625, -10.133032493925, -10.13218161545, -10.13218161545, -15.1320388369, -15.13254102065, -15.132046630125, -15.131994202975], "memory_configurations": [512, 512, 384, 256, 384, 384, 384, 512, 640, 768], "timeout_configurations": [5, 10, 10, 10, 10, 10, 15, 15, 15, 15]}
{"episodes": 16, "execution_times": [1809.38, 1739.85, 2100.67, 2694.49, 2265.6, 2104.96, 1681.14, 1407.45, 1315.06, 1096.12], "memory_usages": [128, 128, 128, 128, 128, 128, 128, 128, 128, 128], "costs": [0.018851477875000005, 0.0181270621875, 0.017509084450000004, 0.0168439306125, 0.018883776, 0.017544841600000003, 0.017515377375000002, 0.017596643625000002, 0.019181793925000003, 0.0182723204], "rewards": [-5.143851477875, -10.1431270621875, -10.14250908445, -10.1418439306125, -10.143883776, -15.1425448416, -15.142515377375, -15.142596643625, -15.144181793925, -15.1432723204], "memory_configurations": [640, 640, 512, 384, 512, 512, 640, 768, 896, 1024], "timeout_configurations": [5, 10, 10, 10, 10, 15, 15, 15, 15, 15]}
{"episodes": 17, "execution_times": [4309.24, 4402.32, 3523.36, 2977.15, 3378.01, 4383.33, 5676.31, 8378.29, 5679.2, 5679.2], "memory_usages": [207, 206, 206, 207, 206, 207, 206, 207, 207, 207], "costs": [0.0359175154, 0.0366933372, 0.036709007, 0.03722181787500001, 0.03519464168750001, 0.03653505555, 0.0354840328875, 0.034916523575000004, 0.035502099, 0.035502099], "rewards": [-10.2380659529, -15.2378652122, -15.237880882, -15.239370255375, -15.2363665166875, -15.23868349305, -15.2366559078875, -15.237064961075, -15.2376505365, -15.2376505365], "memory_configurations": [512, 512, 640, 768, 640, 512, 384, 256, 384, 384], "timeout_configurations": [10, 15, 15, 15, 15, 15, 15, 15, 15, 15]}
{"episodes": 18, "execution_times": [2936.26, 2036.11, 2024.69, 2024.69, 2030.35, 2023.68, 3037.74, 3037.74, 3042.0, 3040.11], "memory_usages": [157, 141, 123, 123, 109, 127, 149, 149, 107, 107], "costs": [0.024473727100000005, 0.01697097685, 0.0126568433625, 0.0126568433625, 0.008461483625, 0.012650529600000002, 0.018989672175, 0.018989672175, 0.019016302500000002, 0.0190044876375], "rewards": [-3.1777940396, -2.15466628935, -2.1327740308625, -2.1327740308625, -2.114906796125, -2.1366739671, -3.164497484675, -3.164497484675, -3.12350849, -3.1234966751375], "memory_configurations": [512, 512, 384, 384, 256, 384, 384, 384, 384, 384], "timeout_configurations": [3, 2, 2, 2, 2, 2, 3, 3, 3, 3]}
